Workbook

Sheet 00_Summary
A1: <RPAS> Test Summary | B1: <SLAS_RPAS> Testcase | C1: <SLAS_RPAS> Testcase | D1: <SLAS_RPAS> Testcase | E1: <SLAS_RPAS> Testcase | F1: <SLAS_RPAS> Testcase | G1: <SLAS_RPAS> Testcase | H1: <SLAS_RPAS> Testcase
A4: Metric | B4: Value | D4: Result | E4: Value | G4: Coverage | H4: Value
A5: RPAS Testcase Total | B5: =COUNTA('02_RPAS_Testcase'!$B$4:$B$203) -> 0 | D5: Pass | E5: =COUNTIF('02_RPAS_Testcase'!$L$4:$L$203,"Pass") -> 0 | G5: RPAS Requirement Total | H5: =COUNTA('03_Requirements_Coverage'!$A$5:$A$104) -> 13
A6: Executed Testcase | B6: =E5+E6+E7 -> 0 | D6: Fail | E6: =COUNTIF('02_RPAS_Testcase'!$L$4:$L$203,"Fail") -> 0 | G6: Covered Requirements | H6: =COUNTIF('03_Requirements_Coverage'!$D$5:$D$104,"Covered") -> 0
A7: Execution Rate | B7: =IF(B5=0,0,B6/B5) -> 0 | D7: N/A | E7: =COUNTIF('02_RPAS_Testcase'!$L$4:$L$203,"N/A") -> 0 | G7: Coverage Rate | H7: =IF(H5=0,0,H6/H5) -> 0
D8: Not Tested | E8: =B5-E5-E6-E7 -> 0 | G8: Not Covered | H8: =H5-H6 -> 13

Sheet 02_RPAS_Testcase
A1: 01_RPAS_Testcase | B1: 02_SLAS_Testcase Testcase | C1: 02_SLAS_Testcase Testcase | D1: 02_SLAS_Testcase Testcase | E1: 02_SLAS_Testcase Testcase | F1: 02_SLAS_Testcase Testcase | G1: 02_SLAS_Testcase Testcase | H1: 02_SLAS_Testcase Testcase | I1: 02_SLAS_Testcase Testcase | J1: 02_SLAS_Testcase Testcase | K1: 02_SLAS_Testcase Testcase | L1: 02_SLAS_Testcase Testcase | M1: 02_SLAS_Testcase Testcase | N1: 02_SLAS_Testcase Testcase
A3: No. | B3: TC ID | C3: SRS ID | D3: Purpose | E3: Verification Type | F3: Pre-condition | G3: Test Procedure | H3: Input | I3: Expected Result | J3: Remarks | K3: Actual Result | L3: Result | M3: Severity | N3: Priority
A4: 1
A5: 2
A6: 3
A7: 4
A8: 5
A9: 6
A10: 7
A11: 8
A12: 9
A13: 10
A14: 11
A15: 12
... A51: 48

Sheet 03_Requirements_Coverage
A1: RPAS Requirements Traceability | B1: SLAS Requirements Coverage | C1: SLAS Requirements Coverage | D1: SLAS Requirements Coverage | E1: SLAS Requirements Coverage | F1: SLAS Requirements Coverage
A2: SRS ID가 TC에 최소 1회 이상 연결되었는지 확인한다. (요구사항 커버리지 100%) | B2: SRS ID가 TC에 최소 1회 이상 연결되었는지 확인한다. 검증 기법이 아니라 커버리지 상태를 측정한다. | C2: SRS ID가 TC에 최소 1회 이상 연결되었는지 확인한다. 검증 기법이 아니라 커버리지 상태를 측정한다. | D2: SRS ID가 TC에 최소 1회 이상 연결되었는지 확인한다. 검증 기법이 아니라 커버리지 상태를 측정한다. | E2: SRS ID가 TC에 최소 1회 이상 연결되었는지 확인한다. 검증 기법이 아니라 커버리지 상태를 측정한다. | F2: SRS ID가 TC에 최소 1회 이상 연결되었는지 확인한다. 검증 기법이 아니라 커버리지 상태를 측정한다.
A4: Requirement ID | B4: Requirement Summary | C4: Mapped TC Count | D4: Coverage Status | E4: Related TC ID | F4: Coverage Note
A5: RS-001-a | B5: 스마트키-차량 거리 10.05m 이하 | C5: =COUNTIF('02_RPAS_Testcase'!$C$4:$C$203,"*"&A5&"*") -> 0 | D5: =IF(C5>0,"Covered","Not Covered") -> Not Covered
A6: RS-001-b | B6: 엔진 OFF 상태 | C6: =COUNTIF('02_RPAS_Testcase'!$C$4:$C$203,"*"&A6&"*") -> 0 | D6: =IF(C6>0,"Covered","Not Covered") -> Not Covered
A7: RS-001-c | B7: 기어 P 위치 | C7: =COUNTIF('02_RPAS_Testcase'!$C$4:$C$203,"*"&A7&"*") -> 0 | D7: =IF(C7>0,"Covered","Not Covered") -> Not Covered
A8: RS-001-d | B8: 배터리 잔량 5% 이상 | C8: =COUNTIF('02_RPAS_Testcase'!$C$4:$C$203,"*"&A8&"*") -> 0 | D8: =IF(C8>0,"Covered","Not Covered") -> Not Covered
A9: RS-002 | B9: 원격 시동 활성화 절차 | C9: =COUNTIF('02_RPAS_Testcase'!$C$4:$C$203,"*"&A9&"*") -> 0 | D9: =IF(C9>0,"Covered","Not Covered") -> Not Covered
A10: RS-003 | B10: 비상등 점멸 횟수 | C10: =COUNTIF('02_RPAS_Testcase'!$C$4:$C$203,"*"&A10&"*") -> 0 | D10: =IF(C10>0,"Covered","Not Covered") -> Not Covered
A11: RS-004 | B11: 원격 시동 실패 처리 | C11: =COUNTIF('02_RPAS_Testcase'!$C$4:$C$203,"*"&A11&"*") -> 0 | D11: =IF(C11>0,"Covered","Not Covered") -> Not Covered
A12: RS-005 | B12: 원격 시동 거리 경계 10.05m | C12: =COUNTIF('02_RPAS_Testcase'!$C$4:$C$203,"*"&A12&"*") -> 0 | D12: =IF(C12>0,"Covered","Not Covered") -> Not Covered
A13: RSPA-001-a | B13: 5km/h 이상 주행 이력 | C13: =COUNTIF('02_RPAS_Testcase'!$C$4:$C$203,"*"&A13&"*") -> 0 | D13: =IF(C13>0,"Covered","Not Covered") -> Not Covered
A14: RSPA-001-b | B14: 현재 속도 0km/h (정차) | C14: =COUNTIF('02_RPAS_Testcase'!$C$4:$C$203,"*"&A14&"*") -> 0 | D14: =IF(C14>0,"Covered","Not Covered") -> Not Covered
A15: RSPA-001-c | B15: 기어 N 위치 | C15: =COUNTIF('02_RPAS_Testcase'!$C$4:$C$203,"*"&A15&"*") -> 0 | D15: =IF(C15>0,"Covered","Not Covered") -> Not Covered
A16: RSPA-001-d | B16: RSPA 버튼 3초 이상 누름 | C16: =COUNTIF('02_RPAS_Testcase'!$C$4:$C$203,"*"&A16&"*") -> 0 | D16: =IF(C16>0,"Covered","Not Covered") -> Not Covered
A17: RSPA-002 | B17: RSPA 활성화 실패 | C17: =COUNTIF('02_RPAS_Testcase'!$C$4:$C$203,"*"&A17&"*") -> 0 | D17: =IF(C17>0,"Covered","Not Covered") -> Not Covered
